{
  "AREA": 0.041866,
  "PERIMETER": 1.28118,
  "G_BLOQUES_": 2,
  "G_BLOQUES1": 238,
  "NOMBRE": "TUICHI NORTE",
  "COMPANIA": "REPSOL",
  "Shape_Leng": 140551.964133,
  "Shape_Area": 503958089.103
}
