{
  "id": "castana_pando.1",
  "OBJECTID_1": 1,
  "CASTANA_": 2,
  "DOMAIN": "<1 arbol de castana/hectarea",
  "Shape_Leng": 4372180.19985,
  "Shape_Area": 10100212662.538023,
  "sup_ha": 1010021.27
}