{
  "Estaciones": "Carabuco",
  "xutm": 493126.412343,
  "yutm": 8258133.08045,
  "Enero": 0.453858,
  "Febrero": 0.582666,
  "Marzo": 0.680318,
  "Abril": 0.761206,
  "Mayo": 0.837783,
  "Junio": 0.899117,
  "Julio": 0.933217,
  "Agosto": 0.85702,
  "Septiembre": 0.803061,
  "Octubre": 0.747965,
  "Noviembre": 0.475682,
  "Diciembre": 0.573007,
  "Anual": 0.717075
}