{
  "fid": 1,
  "OID_": 0,
  "ID_proyect": "RoR_085001",
  "Longitud_P": -64.6484497639,
  "Latitud_Pr": -22.190161346,
  "Longitud_1": -64.6058285859,
  "Latitud_PH": -22.2233380795,
  "Shape_Leng": 0.05401167031,
  "No": 1
}