{
  "OBJECTID": 1,
  "USO_ACTUAL": null,
  "Shape_Leng": 21223.376802,
  "Shape_Area": 874169.83787
}
