{
  "OBJECTID": 1,
  "X": -68.140412,
  "Y": -16.493471
}
