{
  "Riesgo": 2,
  "Riesgo_tex": "Medio",
  "SHAPE_area": 0.00811178864033,
  "SHAPE_len": 2.73785504229
}
