{
  "COD10DIG": 1010101001,
  "CEL7A_SUM": 6726,
  "CEL6A_SUM": 26283,
  "CEL5A_SUM": 23404,
  "CEL4A_SUM": 14958,
  "CEL3A_SUM": 996,
  "CEL2A_SUM": 7335,
  "CEL1A_SUM": 15356,
  "CEL0A_SUM": 30737,
  "CEL7B_SUM": 2,
  "CEL6B_SUM": 46,
  "CEL5B_SUM": 91,
  "CEL4B_SUM": 2145,
  "CEL3B_SUM": 3,
  "CEL2B_SUM": 7,
  "CEL1B_SUM": 207,
  "CEL0B_SUM": 123127,
  "PCEL7A_SUM": 5.34679,
  "PCEL6A_SUM": 20.89352,
  "PCEL5A_SUM": 18.60487,
  "PCEL4A_SUM": 11.89077,
  "PCEL3A_SUM": 0.79176,
  "PCEL2A_SUM": 5.83092,
  "PCEL1A_SUM": 12.20716,
  "PCEL0A_SUM": 24.4342,
  "PCEL7B_SUM": 0.00159,
  "PCEL6B_SUM": 0.03661,
  "PCEL5B_SUM": 0.07243,
  "PCEL4B_SUM": 1.70742,
  "PCEL3B_SUM": 0.00238,
  "PCEL2B_SUM": 0.00557,
  "PCEL1B_SUM": 0.16477,
  "PCEL0B_SUM": 98.0092,
  "A5A7": 44.84518,
  "A4A7": 56.73596,
  "A2A7": 63.35864,
  "B5B7": 0.11064,
  "B4B7": 1.81807,
  "B2B7": 1.82603,
  "TIPO_A": "F",
  "TIPO_B": "I",
  "COMB_AB": "FI",
  "TIPA": 2,
  "TIPB": 3,
  "TIPC": 23,
  "TIPOCEL": "AC"
}
