{
  "objectid": 1,
  "distance": 20,
  "shape_leng": 4856.54279905,
  "shape_area": 49208.1735338
}
