{
  "OBJECTID": 1,
  "nombre": "Laguna Kencha",
  "Shape_Leng": 730.521955757,
  "Shape_Area": 29172.2834311
}
