{
  "id": "ROCHA_RInundacionInfraLineal.1",
  "objectid_1": 1,
  "objectid": 1,
  "fid_infrae": 1,
  "departamen": "Cochabamba",
  "provincia": "German Jordan",
  "municipio": "Cliza",
  "cod_munici": "030801",
  "ciudad_o_c": "Cliza",
  "infraestru": "Transporte",
  "nombre": "calle fernandez",
  "nivel": "Urbano",
  "gridcode": 2,
  "dist_new": 13.5682501082,
  "ip_dist": 0.00956548384246,
  "fr_fisica": 0.2,
  "fr_social": 0,
  "fr_ecosis": 0,
  "if": 0.0666666666667,
  "res": 1,
  "iv": 0.000637698922831,
  "pr": 0.01,
  "ir": 1.27539784566e-05,
  "gridcode_1": 2,
  "dist_new_1": 17.9558113016,
  "ip_dist_1": 0.0126586716425,
  "fr_fisica_": 0.4,
  "fr_social_": 0,
  "fr_ecosis_": 0,
  "if_1": 0.133333333333,
  "res_1": 1,
  "iv_1": 0.00168782288566,
  "pr_1": 0.02,
  "ir_1": 6.75129154264e-05,
  "id_12": 0,
  "gridcode_2": 0,
  "dist_new_2": 0.0,
  "ip_dist_12": 0.0,
  "fr_fisica1": 0.0,
  "fr_social1": 0,
  "fr_ecosis1": 0,
  "if_12": 0.0,
  "res_12": 0,
  "iv_12": 0.0,
  "pr_12": 0.0,
  "ir_12": 0.0,
  "fid_infr_3": 1,
  "departam_3": "Cochabamba",
  "provinci_1": "German Jordan",
  "municipi_1": "Cliza",
  "cod_muni_3": "030801",
  "ciudad_o_3": "Cliza",
  "infraest_3": "Transporte",
  "nombre_12_": "calle fernandez",
  "nivel_12_1": "Urbano",
  "shape_le_3": 1418.45936198,
  "fid_tr10_r": 24844,
  "id_12_13": 24845,
  "gridcode_3": 1,
  "dist_new_3": 139.555855831,
  "ip_dist_13": 0.0983855157022,
  "fr_fisic_1": 0.8,
  "fr_socia_1": 0,
  "fr_ecosi_1": 0,
  "if_12_13": 0.266666666667,
  "res_12_13": 1,
  "iv_12_13": 0.0262361375206,
  "pr_12_13": 0.329,
  "ir_12_13": 0.00863168924428,
  "fid_infr_4": 0,
  "departam_4": null,
  "provinci_2": null,
  "municipi_2": null,
  "cod_muni_4": null,
  "ciudad_o_4": null,
  "infraest_4": null,
  "nombre_121": null,
  "nivel_12_2": null,
  "shape_le_4": 0.0,
  "fid_tr2_re": 0,
  "id_12_13_1": 0,
  "gridcode_4": 0,
  "dist_new_4": 0.0,
  "ip_dist_14": 0.0,
  "fr_fisic_2": 0,
  "fr_socia_2": 0,
  "fr_ecosi_2": 0,
  "if_12_13_1": 0.0,
  "res_12_13_": 0,
  "iv_12_13_1": 0.0,
  "pr_12_13_1": 0.0,
  "ir_12_13_1": 0.0,
  "shape_le_5": 13.5682488295,
  "ir_total": 0.00622257246538,
  "iv_total": 0.0285616593291,
  "shape_leng": 0.000123441224593
}