{
  "fid": 1,
  "Codigo": "TRN-GUA23002",
  "AREA": "ORIENTAL",
  "PROPIETARI": "ENDE TRANSMISIÓN",
  "STI": "SI",
  "TRAMO": "LT2 Troncos - Guarayos II en 230 kV",
  "TIPO": "AAAC FLINT 2x740.8 MCM",
  "N_CIRCU": 2,
  "Un": 230.0,
  "Long": 141.61,
  "Pn": 76.38,
  "NODO_1": "TRN23001",
  "INTERR_1": "Z688",
  "NODO_2": "GUA23001",
  "INTERR_2": "Z6167",
  "In_": 201.82,
  "Sbase": 100,
  "R1": 6.45469,
  "X1": 41.93172,
  "C1": 1.76167874396e-06,
  "R0": 39.39023,
  "X0": 139.8069,
  "C0": 1.01579782992e-06,
  "Zc": 275.253623659,
  "Sn": 80.4,
  "SOBCAR15": 92.9,
  "SOBCAR30": 92.9,
  "R11": 1.22016824197,
  "X11": 7.92660113422,
  "Qvacio": 29.27738333
}