{
  "ID": 0,
  "Codif": 8669428,
  "nombre": "Rio Suntur Huasi",
  "sup_km2": 8.61392167177,
  "UHG": 8669428,
  "NOMBRE_MC": "Rio Suntur Huasi",
  "SUP_HA": 861.392167177
}
