{
  "OBJECTID_1": 1,
  "nombre0": null,
  "Shape_Leng": 164.80634985825796,
  "Shape_Area": 1912.7335405053834
}
