{
  "id": "hec-hms-sous_basins.1",
  "name": "Subbasin-44",
  "long_len": 26351.42637422989,
  "long_slo": 0.020473275045468,
  "cent_len": 13433.572096374137,
  "cent_slo": 0.017605146144549,
  "10_85_len": 19763.569780672355,
  "10_85_slo": 0.016480694586718,
  "basin_slo": 0.149346444743919,
  "basin_rel": 669,
  "elong_ra": 0.486266232783423,
  "relief_ra": 0.025387620028578,
  "drain_den": 7.6211608533e-05,
  "len_units": "Metre"
}