{
  "id": "3_deslizamiento.1",
  "objectid": 1,
  "descrip": "Alta",
  "area_km2": 9174.88,
  "shape_leng": 50.4217624736,
  "shape_area": 0.776899728383
}