{
  "objectid_1": 1,
  "objectid": 1,
  "shape_leng": 164.806349858,
  "shape_area": 1912.73354051
}
