{
  "OBJECTID": 1.0,
  "Classes": 3.0,
  "Value_Min": 3.54338107061,
  "Value_Max": 12.9101132995,
  "Promedio": 9.99843772035,
  "Shape_Leng": 8.27017654043,
  "Shape_Area": 0.478131517407
}