{
  "ID": 1,
  "GRIDCODE": 2,
  "INDICE": "0.50 - 0.59 (Moderado a deficitario de agua)",
  "SUP_KM2": 313.965834967,
  "SUP_HA": 31396.5834967
}