{
  "gml_id": "municipios_339.423",
  "ID": 294,
  "CODIGO": 80802,
  "COD_DEP": 8,
  "NOM_DEP": "Beni",
  "COD_PROV": 8,
  "NOM_PROV": "Itenez",
  "COD_MUN": 2,
  "CAT_SEC": "SEGUNDA",
  "NOM_MUN": "Baures",
  "CANTONES": 2,
  "POBLACION": 5133,
  "ASIG_POB": null,
  "COD1_SECC": 80802,
  "Superf_km2": 0,
  "Superf_m2": 0,
  "sup_km2": 17673,
  "ISM2000": 0.36981,
  "RANKDEP00": 15,
  "RANKNAL00": 235,
  "ISM2005": 0.559464,
  "RNKDEP05": 14,
  "RNKNAL05": 135,
  "ISM2006": 0.482613,
  "RANKDEP06": 11,
  "RANKNAL06": 169,
  "ISM2007": 0.486541,
  "RANKDEP07": 9,
  "RANKNAL07": 164,
  "ISM2008": 0.567166,
  "RANKDEP08": 12,
  "RANKNAL08": 130,
  "ISM2009": 0.558082,
  "RANKDEP09": 12,
  "RANKNAL09": 141,
  "ISM2010": 0.527932,
  "RANKDEP10": 12,
  "RANKNAL10": 141,
  "ISM2011": 0.541509,
  "RANKDEP11": 10,
  "RANKNAL11": 123,
  "DIF11_10": 0.013577
}
