{
  "COD10DIG": 1010101001,
  "HOMBRE_SUM": 92404,
  "MUJER_SUM": 101472,
  "area": 60.3786780155,
  "denspop": 3211.00107475
}
