{
  "objectid_1": 1,
  "objectid": 1,
  "zona": "Conservacin de cabeceras",
  "shape_leng": 39777.2696098,
  "superficie": 1841.32170638,
  "shape_le_1": 50131.3358824,
  "shape_area": 42511022.5959
}
