{
  "Nivel_3": 10,
  "Nivel_1": 0,
  "Nivel_2": 1,
  "Area_km2": 5.37,
  "NOMBRE_N3": "UNIDAD HIDROGRAFICA 010",
  "COLOR": 0,
  "Shape_Leng": 50350.0699563,
  "Shape_Area": 5331962.63643
}
