{
  "ObjID": 24,
  "BasinID": 1,
  "Name": "C8684999",
  "Area_KM2": 50.4736555842,
  "PourPtLon": -66.264583,
  "PourPtLat": -20.429583,
  "MinElev": 3720,
  "MaxElev": 5150,
  "AvgElev": 4286,
  "Shape_Leng": 0.424238717494,
  "Nombre": "Qda. Thola",
  "OBJECTID_2": 1,
  "ObjID_1": 24,
  "BasinID_1": 1,
  "Name_1": "C8684999",
  "Area_KM2_1": 50.338,
  "PourPtLo_1": -66.264583,
  "PourPtLa_1": -20.429583,
  "MinElev_1": 3720,
  "MaxElev_1": 5150,
  "AvgElev_1": 4286,
  "Id": "C8684999",
  "September": 5.804129,
  "October": 12.685578,
  "November": 26.748564,
  "December": 52.758873,
  "January": 87.136681,
  "February": 71.708338,
  "March": 45.588017,
  "April": 13.603154,
  "May": 2.006359,
  "June": 1.040972,
  "July": 1.455814,
  "August": 2.885669,
  "Anual": 323.422148
}