{
  "COD10DIG": 1010101001,
  "COMUNIDAD": "SUCRE",
  "DEPTO": 1,
  "PROVIN": 1,
  "SECCION": 1,
  "CANTON": 1,
  "CIUORG": 1,
  "N_DEPTO": "Chuquisaca",
  "N_PROVIN": "Oropeza",
  "N_SECCION": "CAPITAL (Sucre)",
  "N_CANTON": "SUCRE",
  "N_CIUORG": "SUCRE",
  "Tipo_Capit": 1,
  "Visible": 1,
  "Etiqueta": "Sucre",
  "COD10DIG_1": 1010101001,
  "OID_": 0,
  "CODIGO": 1010101001,
  "DESCIULOC": "SUCRE",
  "HOMBRE": 92404,
  "MUJER": 101472,
  "TOTAL": 193876,
  "X___4": 22928,
  "X___9": 22431,
  "X0___14": 22889,
  "X5___19": 24372,
  "X0___24": 25295,
  "X5___29": 16211,
  "X0___34": 11819,
  "X5___39": 10090,
  "X0___44": 8744,
  "X5___49": 6961,
  "X0___54": 5634,
  "X5_O_59": 4341,
  "X0___64": 3306,
  "X5___69": 2756,
  "X0___74": 2633,
  "X5___79": 1649,
  "X0___84": 953,
  "X5___89": 516,
  "X0___94": 220,
  "X5___98": 128,
  "TOTAL1": 193876,
  "NO_HABLAQ": 96729,
  "QUECHUA": 97147,
  "TOTALQ": 193876,
  "NO_HABLA_A": 190601,
  "AYMARA": 3275,
  "TOTALA": 193876,
  "NO_HABLAC": 19881,
  "CASTELLANO": 173995,
  "TOTALC": 193876,
  "NO_HABLAG": 193533,
  "GUARANI": 343,
  "TOTALG": 193876,
  "NO_HABLA": 185462,
  "EXTRANJERO": 8414,
  "TOTALP": 193876,
  "HABLA_ALGO": 184110,
  "NO_HABLAN": 9766,
  "TOTALPP": 193876,
  "NO_HABLAON": 193803,
  "OTRO_NATIV": 73,
  "TOTALON": 193876,
  "NO_APLICA": 18324,
  "APQUECHUA": 50338,
  "APAYMARA": 1485,
  "APCASTELLA": 122389,
  "APGUARANI": 129,
  "APOTRO_NAT": 15,
  "APEXTRANJE": 829,
  "APNO_HABLA": 367,
  "APTOTAL": 193876,
  "APNO_APLIC": 68248,
  "IDQUECHUA": 68264,
  "IDAYMARA": 3106,
  "IDGUARANI": 1373,
  "IDCHIQUITA": 325,
  "IDMOJENO": 246,
  "IDOTRO_NAT": 545,
  "IDNINGUNO": 51769,
  "IDTOTAL": 193876,
  "com10dig": 1010101001,
  "perc_q": 50.107801,
  "perc_c": 89.745507,
  "perc_on": 0.037653,
  "perc_indg": 58.79183,
  "perc_15_35": 40.075615
}
