{
  "Id": 1,
  "SUP_KM2": 0.191387385464,
  "SUP_HA": 19.1387385464,
  "IDEAM_": 0.449755555556,
  "Indice": "Moderado y deficitario de agua"
}