{
  "id_municip": 824,
  "area_km2": 1148.93,
  "nombre": "Unc?a",
  "codigo": 50201,
  "codigo_par": 1,
  "nombre_pro": "Rafael Bustillo",
  "codigo_pro": 502,
  "nombre_dep": "Potos?",
  "codigo_dep": 5,
  "codigo_ine": 50201,
  "id_referen": 3,
  "id_departa": 5,
  "id_provinc": 64,
  "seccion": "Primera",
  "extent": "-66.7371640964287,-18.7686755668215,-66.2651325748129,-18.4252089473769",
  "id_pais": 1
}
