{
  "OBJECTID": 1,
  "Velocidad": 6.430779933929443,
  "Direccion": 252.76100158691406
}
