{
  "OBJECTID": 4.0,
  "Sup_Ha": 0.0836603029271,
  "Shape_Leng": 195.336112264,
  "Shape_Area": 836.602947638
}