{
  "fid": 1,
  "OBJECTID": 1,
  "Nom_rio": "SN",
  "P_MW": 0.00235,
  "SHAPE_Leng": 0.00710762864818
}