{
  "Classes": 0.0,
  "Value_Min": 0.03,
  "Value_Max": 0.82135539763,
  "Shape_Leng": 1.53673708647,
  "Shape_Area": 0.156289428099,
  "promedio": 0.440677698815
}