{
  "objectid": 1,
  "id": 1,
  "gridcode": 255,
  "grado": "MUY ALTO",
  "shape_leng": 444.180290018,
  "shape_area": 6786.37967837
}
