{
  "OBJECTID_1": 1,
  "OBJECTID": 489,
  "PRIORIDAD": 1,
  "SUPUTM": 7491712.95233,
  "Shape_Leng": 102.848847671,
  "Shape_Area": 6.27783959448
}
