{
  "ID": 0,
  "NOMBRE": "Relleno Sanitario",
  "Sup_m2": 203055.120328,
  "Sup_km2": 0.203055120328,
  "Sup_Ha": 20.3055120328
}
