{
  "fid": 1,
  "OBJECTID": 1,
  "Codigo": "ARJ-LAG069",
  "Shape_Leng": 0.0130219340034,
  "Codigo_1": "ARJ-LAG069",
  "AREA": "SUCRE",
  "PROPIETARI": "CESSA",
  "STI": "NO",
  "TRAMO": "LT1 Aranjuez - Laguna en 69 kV",
  "TIPO": "Conductor Ibis (397)  H1",
  "N_CIRCU": 1,
  "Un": 69,
  "Long": 1.52,
  "Pn": 38.60221635,
  "NODO_1": "ARJ06901",
  "INTERR_1": "B531, B536",
  "NODO_2": "LAG06901",
  "INTERR_2": "",
  "In_": 340,
  "Sbase": 100,
  "R1": 0.21561352,
  "X1": 0.61468496,
  "C1": 1.3814e-08,
  "R0": 0.54856344,
  "X0": 2.33425488,
  "C0": 7.5983e-09,
  "Zc": 376.351925,
  "Sn": 40.6,
  "SOBCAR15": 0,
  "SOBCAR30": 0,
  "R11": 0.452874438,
  "X11": 1.291083722,
  "Qvacio": 0.02066153
}