{
  "Estaciones": "Copacati",
  "xutm": 491092.956133,
  "yutm": 8208939.72554,
  "Enero": 72.539427,
  "Febrero": 71.012817,
  "Marzo": 71.141509,
  "Abril": 70.465641,
  "Mayo": 64.694647,
  "Junio": 62.372764,
  "Julio": 60.320276,
  "Agosto": 63.527922,
  "Septiembre": 62.990192,
  "Octubre": 64.070538,
  "Noviembre": 65.884406,
  "Diciembre": 67.42271,
  "Anual": 66.370237
}