{
  "PATH_ROW": "P001R067",
  "Shape_Leng": 6.48707323626,
  "Shape_Area": 2.619460212
}
