{
  "Id": 225.0,
  "SUP_HA": 0.400525999557,
  "Shape_Leng": 676.562476232,
  "Shape_Area": 4005.26452657
}