{
  "id": "ROCHA_RInundacionInfraPntual.1",
  "fid_infrae": 74,
  "departamen": "Cochabamba",
  "provincia": "Punata",
  "municipio": "Punata",
  "cod_munici": "031401",
  "ciudad_o_c": "Punata",
  "infraestru": "Energia",
  "nombre": "Surtidor Junior",
  "fid_tr100_": 70077,
  "gridcode": 2,
  "ip_punto": 0.00990099009901,
  "fr_fisica": 0.2,
  "fr_social": 0.33,
  "fr_ecosis": 0,
  "if": 0.176666666667,
  "res": 1.0,
  "iv": 0.0017491749175,
  "pr": 0.01,
  "ir": 3.498349835e-05,
  "ir_tr2": 0.00258099,
  "ir_tr10": 0.001226964,
  "ir_tr25": 0.000184158,
  "ir_tr50": 9.63696e-05,
  "ir_total": 0.00412346509835,
  "iv_2": 0,
  "iv_10": 0,
  "iv_25": 0,
  "iv_50": 0,
  "if_2": 0,
  "if_10": 0,
  "if_25": 0,
  "if_50": 0,
  "iv_total": 0.0017491749175,
  "if_total": 0.176666666667
}