{
  "OBJECTID": 1,
  "GRIDCODE": 5,
  "tem_m_a": "19.1 - 24",
  "Shape_Leng": 284812.111365,
  "Shape_Le_1": 284812.1113652975,
  "Shape_Area": 1337382531.7166035
}
