{
  "DOMAIN_": "Formaciones de alta permeabilidad",
  "Shape_Leng": 1247198.05787,
  "AreaKm2": 3137.57373481,
  "AreaHa": 313757.373481
}