{
  "AREA": 576415000000,
  "PERIMETER": 5058070,
  "SEQ3_": 2,
  "SEQ3_ID": 1,
  "CODIGO": 1,
  "A_sequia": "1 de cada 5 anos con sequia",
  "SHAPE_Leng": 46.4967195964,
  "SHAPE_Area": 48.6012837409
}
