{
  "OBJECTID": 2929,
  "AREA": 578.172594076,
  "PERIMETER": 1.468,
  "ECO_NAME": "Pantanal",
  "REALM": "NT",
  "BIOME": 9,
  "ECO_NUM": 7,
  "ECO_ID": 60907,
  "ECO_SYM": 55,
  "GBL_STAT": 1,
  "G200_REGIO": "Pantanal Flooded Savannas",
  "G200_NUM": 101,
  "G200_BIOME": 9,
  "G200_STAT": 0,
  "SHAPE_LENG": 1.46797291943,
  "AREA_KM2": 170501,
  "ECO_CODE": "NT0907",
  "Shape_Le_1": 157073.773353,
  "Shape_Area": 574807596.898
}
