{
  "OBJECTID": 10027.0,
  "Sup_Ha": 0.056101162924,
  "Shape_Leng": 114.988439103,
  "Shape_Area": 561.011890755
}