{
  "Id": 9395.0,
  "SUP_HA": 0.577880930536,
  "Shape_Leng": 407.644391079,
  "Shape_Area": 5778.81008618
}