{
  "OBJECTID": 1.0,
  "Classes": 0.0,
  "Value_Min": 0.0,
  "Value_Max": 0.831395126306,
  "promedio": 0.415697563153,
  "Shape_Leng": 17.1623942108,
  "Shape_Area": 6.28100558877
}