{
  "OBJECTID": 1,
  "NIVEL_1": 8,
  "NIVEL_2": 85,
  "NIVEL_3": 858,
  "NIVEL_4": 8589,
  "NIVEL_5": 85896,
  "Area_km2": 14.378290113,
  "Nombre_UH": "PDC GUADALQUIVIR",
  "UHG": 8589699,
  "NIVEL_6": 858969,
  "NIVEL_7": 8589699,
  "Shape_Leng": 16960.6124466,
  "Shape_Area": 14378290.113
}
