{
  "objectid": 601,
  "gridcode": 6,
  "mes": 8,
  "gestion": 2016,
  "supha": 21.0510924245,
  "tipo_def": "I16",
  "shape_Leng": 0.02548428703,
  "shape_Area": 1.846861e-05
}
