{
  "SUP_KM2": 0.0350142279461,
  "Radiacion": 17500.0,
  "SUP_HA": 3.50142279461
}