{
  "OBJECTID": 1,
  "LEYENDA2": "Agropecuario",
  "Shape_Leng": 1063229.951996654,
  "Shape_Area": 923596439.6700714
}
