{
  "id": "riesgo_amenazas2025.95501",
  "gridcode": 3,
  "Sup_km2": 0.04746768427,
  "Cobertura": "Municipio",
  "Shape_Leng": 1882.6235421,
  "Shape_Area": 47467.684267
}