{
  "id": "ROCHA_PriorizacionMicrocuencas.1",
  "cod_map": "UH0",
  "area_ha": 246.658902471,
  "i5_recarga": 0.751,
  "ind5_soc": 0.269,
  "ind5_biod": 6.715,
  "ind5_dirh": 0.57,
  "ind5_degr": 7.053,
  "priorizaci": 4.75505,
  "presmaz": 0,
  "final": 4.75505,
  "weaprec": 1,
  "descrip": "Muy Baja (< 5.4)",
  "shape_leng": 0.088333331,
  "shape_area": 0.000209722223611
}