{
  "riesgo1": "Alto",
  "SUP_KM2": 620.19735292,
  "SUP_Ha": 62019.735292
}