{
  "OBJECTID": 1,
  "Nivel_2": 86,
  "Nivel_1": 8,
  "Sup_Km2": 81149.8206933,
  "NOMBRE_N2": "CUENCA DEL RIO PILCOMAYO",
  "Shape_Le_1": 23.6857335127,
  "Shape_Area": 7.79626103248
}
