{
  "ID": 0,
  "NOMBRE_": null,
  "long_km": 1.26500711975,
  "Shape_Leng": 1265.00711975
}
