{
  "fid": 1,
  "OBJECTID": 1,
  "No": 201,
  "ID_proyect": "COMB_085001",
  "Cuenca": "TARIJA",
  "Rio_pres": 85030001.0,
  "Nombre_de_": "Tarija",
  "Tipo": "COMB",
  "Id_Tramo_P": 850300010176.0,
  "Longitud_P": -64.2890369819,
  "Latitud_PH": -22.1393055549,
  "Z_PH": 659,
  "Caudal_m3_": 80.2116035233,
  "H_Presa_m": 45,
  "Caida_brut": 87,
  "Potencia_M": 58.9349774383,
  "Emb_Area": 6.81108196,
  "Embalse_Vo": 124.7228299,
  "FP_FINAL": 0.65,
  "Energia_Fi": 333.8,
  "Costo_Tota": 155.86,
  "Costo_Espe": 2645
}