{
  "OBJECTID": 1,
  "AREA": 0,
  "HECTARES": 8345867.75,
  "Shape_Leng": 98.0367162644,
  "Shape_Area": 6.99755881813
}
