{
  "fid": 1,
  "FID_": 0,
  "Entity": "Closed Shape",
  "Level": 1,
  "Layer": "Techos de Edificaciones",
  "Color": 512,
  "Linetype": "BYBLOCK",
  "Elevation": 3303.22227291,
  "LineWt": 0,
  "RefName": "",
  "X": 596284.847541,
  "Y": 8170283.12123,
  "B_ID": 1,
  "Rowid_": 1,
  "B_ID_1": 1,
  "COUNT": 81,
  "AREA": 81,
  "MEAN": 2594.80069987,
  "kWh_m2_Dia": 7.10904301334,
  "EP_MWh_Ani": 5.42261450259
}