{
  "OBJECTID": 1,
  "NOMBRE": "Lagos Poop y Uru Uru",
  "AREA_KILOM": 9625.50582517,
  "PERIMETER_": 541.892810258,
  "AREA_HA": 962550.582517
}
