{
  "PERIMETER": 3.5,
  "OTB": 820,
  "URB": "Creacion de CODEPO",
  "DISTRITO": 3,
  "Codigo": 3820,
  "no_energia": 65,
  "si_energia": 302,
  "p_noenergi": 18,
  "caneria_de": 76,
  "caneria_fu": 261,
  "p_canefue": 71,
  "p_nocaneri": 8,
  "nocaneria": 30,
  "nosanitari": 203,
  "p_nosanita": 55,
  "sisanitari": 164,
  "tot_vivien": 367,
  "tot_poblac": 1379,
  "hacinamien": 4,
  "NO_SB": 38,
  "nasis6_13h": 51.82,
  "nasis6_13m": 43.03,
  "nasis6_13t": 94.85,
  "ANALFAH": 0.41,
  "ANALFAM": 6.87,
  "ANALFAT": 7.28,
  "ANAL15_44h": 0,
  "ANAL15_44m": 4.17,
  "ANAL15_44t": 4.17,
  "ANALF45H": 2.88,
  "ANALF45M": 23.08,
  "ANALF45T": 25.96,
  "ENUNDOMICI": 60.66,
  "ENESTABLEC": 32.24,
  "SE": 2.19,
  "OTROLUGAR": 4.92,
  "TOTAL": 1379,
  "ENFERMERA": 3.83,
  "MEDICO": 31.69,
  "OTRAPERSON": 26.23,
  "PARTERA": 13.66,
  "SE2": 2.73,
  "USTEDMISMA": 21.86,
  "TOTAL2": 100,
  "HOMBRE": 682,
  "MUJER": 697,
  "poblacion": 1379,
  "N0_14": 651,
  "N15_44": 624,
  "N45_64": 83,
  "N65_": 21,
  "MEF": 359,
  "N15_64": 707,
  "I_MASCU": 97.8479196557,
  "P_MENO15": 47.21,
  "P15_45": 45.25,
  "P_45_64": 6.02,
  "MAYOR_64": 1.52,
  "TAUX_DEPE": 95.05,
  "REPORT": 3.2258064516,
  "P_MUJERES": 50.5438723713,
  "FEM_AGE": 51.506456241,
  "SUPERFICIE": 1111111,
  "DENSIDAD": 1241.1,
  "P_INMIGH": 11.44,
  "P_INMIGM": 12.34,
  "P_INMIGT": 11.89,
  "INDMASCMIG": 90.7,
  "P_PEA": 31.62,
  "P_PEA_H": 40.18,
  "P_PEA_M": 23.24,
  "I_MASCULIN": 97.85,
  "T_DEPENDEN": 95.05
}
