{
  "Classes": 2.0,
  "Value_Min": 0.284918220794,
  "Value_Max": 0.629124631318,
  "Shape_Leng": 26.3055037933,
  "Shape_Area": 5.92356513629,
  "Promedio": 0.599480536453
}