{
  "MUNICIPIO": "Tomave",
  "CAPITAL": "Tomave",
  "X": -66.3942821823,
  "Y": -20.1016061825,
  "Bovino": 50,
  "Bueyes": 16,
  "Caprino": 767,
  "Llamas": 1640,
  "Mulas": 0,
  "Asnos": 133,
  "Ovino": 434
}