{
  "objectid": 1,
  "depto": "CHUQUISACA",
  "prov": "Oropeza",
  "municipio": "Sucre",
  "idm_12": 1.0,
  "pob_objest": 251648.0,
  "pobpobre_p": 26.8712646236,
  "nbs": 40.6961311038,
  "umbral": 32.4326042726,
  "moderada": 22.3566251272,
  "indigente": 4.33581828586,
  "marginal": 0.17882121058
}