{
  "REGION": "ALTIPLANO",
  "SHAPE_Leng": 27.9119879013,
  "SHAPE_Area": 14.8753111916
}
