{
  "objectid": 1,
  "distance": 20,
  "shape_leng": 109877.13299,
  "shape_area": 4650913.08627
}
