{
  "id": "CONSTRUCCIONES.1",
  "con_identi": "1",
  "alturasobr": 214.60787177,
  "altura_uni": 3.18000007,
  "shape_leng": 54.8488953161,
  "shape_area": 158.185051822
}