{
  "fid": 1,
  "Name": "POR-CAIHUASI 1",
  "Norte": 8040380.34702,
  "Este": 708214.743003,
  "cota": 3813.356,
  "Vano": 60,
  "Tipo_torre": "Doble terna final de linea"
}