{
  "id": "limite_RMK.1",
  "objectid": 1,
  "cod_dep": "3",
  "sup_km2": 2931.07770324,
  "shape_leng": 391341.445806,
  "shape_area": 2931077703.24
}