{
  "objectid": 1,
  "shape_leng": 311.758912442,
  "shape_area": 3769.98957733
}
