{
  "id": "puestosventa.1",
  "dbubiccorx": 590901.556072,
  "dbubiccory": 8176949.075844,
  "dbpstocodi": 100000,
  "dbpropcodi": 1015533
}