{
  "Name": "C8684999",
  "Area_KM2": 50.4736555842,
  "PourPtLon": -66.264583,
  "PourPtLat": -20.429583,
  "MinElev": 3720,
  "MaxElev": 5150,
  "AvgElev": 4286,
  "Shape_Leng": 0.424238717494,
  "Nombre": "Qda. Thola",
  "ID": "C8684999",
  "September": 2.613211,
  "October": 2.524773,
  "November": 2.391013,
  "December": 2.247331,
  "January": 2.001815,
  "February": 1.88295,
  "March": 1.828082,
  "April": 1.952162,
  "May": 2.197378,
  "June": 2.394378,
  "July": 2.492304,
  "August": 2.42317,
  "Anual": 2.245714
}