{
  "NBISLAS": "SN",
  "COCLASIFIS": "022P00",
  "COESCALA": 6,
  "IDELEMENTO": 1,
  "Shape_Leng": 0.0053095228023,
  "Shape_Area": 1.3950122779e-06
}
