{
  "fid": 1,
  "CODI": "LD001",
  "Y_LATITUD": -17.178217,
  "X_LONGITU": -65.749883,
  "VANO": 153
}