{
  "fid": 1,
  "OID_": 0,
  "ID_proyect": "RoR_085003",
  "Longitud_P": -64.545566,
  "Latitud_Pr": -21.777858,
  "Longitud_1": -64.417916666,
  "Latitud_PH": -21.826189369,
  "No": 3,
  "Shape_Leng": 0.13649276061
}