{
  "Id": 0.0,
  "Shape_Leng": 1121.4626628,
  "Shape_Area": 8739.71817652
}