{
  "gml_id": "mancha_urbana_2001wgs84.1",
  "objectid": 1,
  "id": 0,
  "area": 0.18608883479,
  "superficie": 5929.68113018,
  "shape_leng": 173.897999998,
  "shape_area": 1860.88834796
}
