{
  "departamen": "05",
  "municipio": "Potosi",
  "codigo_com": "05010104008",
  "comunidad": "CONCEPCION",
  "poblacion_": 99,
  "poblacio_1": 94,
  "nbi_nopobr": 6.4,
  "nbi_pobre": 93.6,
  "rec_2030xr": 2,
  "rec_2025r": 2,
  "rec_2020r": 2,
  "rec_2015_a": 2,
  "X": -65.709352801,
  "Y": -19.3787408644
}