{
  "Id": 0,
  "Nombre": "Ciudad Tarija",
  "Super_km2": 39.82346508,
  "Municipio": "Cercado",
  "Este": 321972.822975,
  "Norte": 7617135.1836
}
