{
  "fid": 1,
  "OBJECTID": 1,
  "ID_proyect": "COMB_466004",
  "Longitud_P": -65.36333,
  "Latitud_Pr": -18.436879,
  "Longitud_1": -65.335595,
  "Latitud_PH": -18.451014,
  "N": 217,
  "Shape_Leng": 0.0311292218
}