{
  "Estaciones": "Copacabana",
  "xutm": 490527.372698,
  "yutm": 8212350.16306,
  "Enero": 177.377778,
  "Febrero": 125.842857,
  "Marzo": 120.908571,
  "Abril": 49.247222,
  "Mayo": 17.817143,
  "Junio": 11.483333,
  "Julio": 9.833333,
  "Agosto": 16.757143,
  "Septiembre": 30.727778,
  "Octubre": 44.366667,
  "Noviembre": 60.5,
  "Diciembre": 109.988889,
  "Anual": 774.850714
}