{
  "COD10DIG": 1010101001,
  "TCO": 0,
  "COM": 174.15,
  "COM_INF": 4736.07,
  "PEQ": 692.55,
  "PEQ_INF": 1107.27,
  "GRAN": 0.81,
  "GRAN_INF": 0,
  "OTRO": 0,
  "TOTAL": 6710.85,
  "P_TCO": 0,
  "P_COM": 2.59505,
  "P_COM_INF": 70.57333,
  "P_PEQ": 10.31986,
  "P_PEQ_INF": 16.4997,
  "P_GRAN": 0.01207,
  "P_GRAN_INF": 0,
  "P_OTRO": 0,
  "P_COMT": 73.16838,
  "P_PEQT": 26.81955,
  "P_GRANT": 0.01207,
  "TIE_DOM": "com"
}
