{
  "objectid": 2,
  "fid_": 0,
  "entity": "Polyline",
  "layer": 1956,
  "color": 53,
  "superficie": 1063.37805215,
  "shape_leng": 1164.61849353,
  "shape_area": 52702.7526474
}
