{
  "objectid": 2,
  "fid_": 0,
  "entity": "Polyline",
  "handle": "B5",
  "layer": 1930,
  "color": 55,
  "superficie": 464.393188789,
  "shape_leng": 959.154181692,
  "shape_area": 58951.9551045
}
