{
  "OBJECTID": 1,
  "supha": 0.09658327452,
  "Name": "Bosque Seco Interandino",
  "shape_Leng": 0.00145567213,
  "shape_Area": 8.457e-08
}
