{
  "id": "Ciudades_Jun2025.1",
  "depto": "Beni",
  "provincia": "General José Ballivían",
  "municipio": "Reyes",
  "cod_txt": "080301",
  "cod_num": 80301.0,
  "comunidad": "ESTANCIAS DISPERSAS",
  "cod_ine": "8110004101-D",
  "amzsequ": 0.048592,
  "amzsequ1": 0.048592,
  "amzinun": 0.413191,
  "amzinun1": 0.413191,
  "amzhela": 0.011816,
  "amzhela1": 0.011816,
  "amzgran": 0.0,
  "amzgran1": 0.0,
  "sensagrop": 0.2,
  "sensagrop1": 0.172442,
  "sensdepro": 0.3369,
  "sensdepro1": 0.3369,
  "cobecalo": 2337.64579,
  "cobecalo1": 0.994743,
  "cobeprot": 92.436429,
  "cobeprot1": 1.0,
  "sumevent": 3.0,
  "sumevent1": 0.107143,
  "seguagric": 0.0,
  "seguagric1": 0.0,
  "conshaagr": 0.0,
  "conshaagr1": 0.0,
  "poractcom": 0.0,
  "poractcom1": 0.0,
  "upacaza": 0.0,
  "upacaza1": 0.0,
  "upapesca": 0.0,
  "upapesca1": 0.0,
  "cabgabo": 0.0,
  "cabgabo1": 0.0,
  "cabgaov": 0.0,
  "cabgaov1": 0.0,
  "cabgapo": 0.0,
  "cabgapo1": 0.0,
  "cabgacam": 0.0,
  "cabgacam1": 0.0,
  "porcsupagr": 0.0,
  "porcsupa_1": 0.0,
  "porcsupgan": 0.0,
  "porcsupg_1": 0.0,
  "sumdispo1": 3.084827,
  "normdispo1": 0.315607,
  "sumdispo2": 3.084827,
  "normdispo2": 0.80798,
  "sumdispo3": 0.342759,
  "normdispo3": 0.766187,
  "p1disp25": 0.252485,
  "p1disp30a": 0.220925,
  "p1disp30b": 0.189364,
  "p2disp25": 0.646384,
  "p2disp30a": 0.565586,
  "p2disp30b": 0.484788,
  "p3disp25": 0.61295,
  "p3disp30a": 0.536331,
  "p3disp30b": 0.536331,
  "ppobpnbi": 50.0,
  "ppobpnbi1": 0.5,
  "sentrate": 0.627,
  "sentrate1": 0.627,
  "inbajurb": 0.456289,
  "inbajurb1": 0.456289,
  "indingre": 0.493,
  "indingre1": 0.677198,
  "prcpobpo": 0.0,
  "prcpobpo1": 0.0,
  "pobcens": 6.0,
  "pobcens1": 4e-06,
  "idina": 0.49584,
  "idina1": 0.442503,
  "tasalf": 1.0,
  "tasalf1": 1.0,
  "amzsequ11": 0.048592,
  "amzsequ12": 0.048592,
  "amzinun11": 0.413191,
  "amzinun12": 0.413191,
  "sumevent11": 3.0,
  "sumevent12": 0.107143,
  "sumacce1": 4.27192,
  "normacce1": 0.452289,
  "sumacce2": -0.134069,
  "normacce2": 0.430763,
  "sumacce3": -0.095778,
  "normacce3": 0.446961,
  "p1acce25": 0.361831,
  "p1acce30a": 0.316602,
  "p1acce30b": 0.271374,
  "p2acce25": 0.34461,
  "p2acce30a": 0.301534,
  "p2acce30b": 0.258458,
  "p3acce25": 0.357569,
  "p3acce30a": 0.312873,
  "p3acce30b": 0.312873,
  "sensssbb": 0.333333,
  "sensssbb1": 0.333333,
  "valantro": 0.853671,
  "valantro1": 0.853671,
  "indiras": 0.364829,
  "indiras1": 0.364829,
  "indedas": 0.470688,
  "indedas1": 0.470688,
  "indnutri": 0.436938,
  "indnutri1": 0.563062,
  "tasalfa": 0.0,
  "tasalfa1": 1.0,
  "insensoc": 0.627,
  "insensoc1": 0.627,
  "amzsequ2": 0.048592,
  "amzsequ13": 0.048592,
  "amzinun2": 0.413191,
  "amzinun13": 0.413191,
  "indestsal": 0.0,
  "indestsal1": 0.0,
  "sumuso1": 4.674366,
  "normuso1": 0.457228,
  "sumuso2": -0.1591,
  "normuso2": 0.304232,
  "sumuso3": -0.227911,
  "normuso3": 0.312967,
  "p1uso25": 0.365783,
  "p1uso30a": 0.32006,
  "p1uso30b": 0.274337,
  "p2uso25": 0.243385,
  "p2uso30a": 0.212962,
  "p2uso30b": 0.182539,
  "p3uso25": 0.250374,
  "p3uso30a": 0.219077,
  "p3uso30b": 0.219077,
  "sumiccom1": 4.010371,
  "tericcom1": 4.010371,
  "normiccom1": 0.369929,
  "sumiccom2": 1.542974,
  "normiccom2": 0.48997,
  "sumiccom3": 1.526116,
  "normiccom3": 0.500077,
  "p1iccom25": 0.295943,
  "p1iccom30a": 0.25895,
  "p1iccom30b": 0.221957,
  "p2iccom25": 0.391976,
  "p2iccom30a": 0.342979,
  "p2iccom30b": 0.293982,
  "p3iccom25": 0.400061,
  "p3iccom30a": 0.350054,
  "p3iccom30b": 0.300046,
  "referencia": "Baja",
  "point_x": -67.353815,
  "point_y": -14.289847,
  "cat pobl": 11.0,
  "cat urb": null,
  "tipo": "Disperso",
  "homologada": null,
  "dau": 53.0,
  "accecity": null,
  "depto_2": "Beni",
  "provincia_": "General José Ballivián",
  "municipio_": "Reyes",
  "centro_pob": "Reyes",
  "resolucion": "15054",
  "objectid": null,
  "tipo_2": null,
  "tiempo": null,
  "raster_val": null,
  "objectid_2": null,
  "tipo_3": null,
  "tiempo_2": null,
  "raster_v_1": null,
  "objectid_3": null,
  "tipo_4": null,
  "tiempo_3": null,
  "raster_v_2": null,
  "suma pobl": 7208.0,
  "a_y/o_d": 2.0,
  "cant_comu": 2.0,
  "c_urb_rur": "URB",
  "aglomurb": null,
  "pobl_city": null,
  "rcat_ciu": null
}