{
  "Name": "C8684999",
  "Area_KM2": 50.4736555842,
  "PourPtLon": -66.264583,
  "PourPtLat": -20.429583,
  "MinElev": 3720,
  "MaxElev": 5150,
  "AvgElev": 4286,
  "Nombre": "Qda. Thola",
  "ID": "C8684999",
  "September": 90.949458,
  "October": 106.387918,
  "November": 109.739975,
  "December": 111.993772,
  "January": 106.812918,
  "February": 86.593876,
  "March": 97.107198,
  "April": 75.624729,
  "May": 62.982525,
  "June": 54.010841,
  "July": 60.996502,
  "August": 73.795176,
  "Anual": 1036.994888
}