{
  "OBJECTID": 1,
  "Nombre": "Río Boopi",
  "Shape_Leng": 6740.63349913,
  "TIPO": null,
  "Shape_Le_1": 6740.633499131928
}
