{
  "id": "Riesgo de Inundacion - SINSAAT.1",
  "gml_id": "ucr_Inundacion_SINSAAT.1",
  "AREA": 13597100000.0,
  "PERIMETER": 1050770.0,
  "INU5_": 2,
  "INU5_ID": 1,
  "ID": 0,
  "SHAPE_Leng": 11.1603110051,
  "SHAPE_Area": 0.615861099978
}