{
  "ID": 293,
  "NOMBRE": "Viaducto Cotoca",
  "COD_RUTA": 4,
  "X_GEO": -63.082791286,
  "Y_GEO": -17.76507228,
  "LONG_APROX": 72.4000015259,
  "ANCHO": 8.7
}
