{
  "fid_isoy": 22,
  "objectid": 28,
  "id": 31,
  "gridcode": 100,
  "shape_leng": 9574.11087493,
  "shape_area": 5608821.86944,
  "fid_v4": -1,
  "id_1": 0
}
