{
  "COD10DIG": 1010101001,
  "BOSQ_HA": 273.78,
  "PAST_HA": 4667.49,
  "CULT_HA": 352.44,
  "URB_HA": 743.85,
  "AGUA_HA": 0,
  "ROCA_HA": 0,
  "TOTAL_HA": 6037.56,
  "P_BOSQU": 4.53461332061,
  "P_PAST": 77.3075547075,
  "P_CULT": 5.83745751595,
  "P_URB": 12.3203744559,
  "P_AGUA": 0,
  "P_ROCA": 0,
  "CAT": "Ganadero"
}
