{
  "objectid": 2,
  "fid_": 0,
  "entity": "Polyline",
  "handle": "BA",
  "layer": 1912,
  "color": 57,
  "superficie": 259.932626622,
  "shape_leng": 1327.60129276,
  "shape_area": 65785.0373425
}
