{
  "fid": 1,
  "OBJECTID": 1,
  "No": 1,
  "ID_proyect": "RoR_085001",
  "Cuenca": "TARIJA",
  "Rio_pres": 85010001.0,
  "Nombre_de_": "Bermejo",
  "Tipo": "RoR",
  "Id_Tramo_P": 850100010010.0,
  "Longitud_P": -64.6058285859,
  "Latitud_PH": -22.2233380795,
  "Z_PH": 977,
  "Caudal_m3_": 26.5835050959,
  "H_Presa_m": 999999,
  "Caida_brut": 158,
  "Potencia_M": 35.4720265286,
  "Emb_Area": 999999,
  "Embalse_Vo": 999999,
  "FP_FINAL": 0.6,
  "Energia_Fi": 186.3,
  "Costo_Tota": 74.13,
  "Costo_Espe": 2090
}