{
  "id_municip": 535,
  "area_km2": 2115.81,
  "nombre": "San Agust?n",
  "codigo": 51601,
  "codigo_par": 1,
  "nombre_pro": "Enrique Baldivieso",
  "codigo_pro": 516,
  "nombre_dep": "Potos?",
  "codigo_dep": 5,
  "codigo_ine": 51601,
  "id_referen": 2,
  "id_departa": 5,
  "id_provinc": 78,
  "seccion": "Primera",
  "extent": "-67.7223521424855,-21.8536696817625,-67.1336806108119,-21.1062873530951",
  "id_pais": 1
}
