{
  "id": "ROCHA_RInundacion_ZHRA.1",
  "fid_zonas_": 601,
  "departamen": "Cochabamba",
  "provincia": "German Jordan",
  "municipio": "Toko",
  "cod_munici": "030802",
  "comunidad": "PIQUEROS",
  "cod_comuni": "03080201011",
  "poblacion": 60,
  "sup_agrico": 46.8594,
  "vbp_agríc": 186949.704312,
  "fid_tr100_": 111797,
  "gridcode": 1,
  "ip_vbp": 0.00129483295598,
  "fr_fisica": 0.2,
  "fr_social": 0.33,
  "fr_ecosis": 1,
  "fr": 0.51,
  "res": 0.75,
  "iv": 0.000495273605662,
  "pr": 0.01,
  "ir": 4.95273605662e-06,
  "gridcode_1": 1,
  "ip_vbp_1": 0.00129483295598,
  "fr_fisica_": 0.4,
  "fr_social_": 0.33,
  "fr_ecosis_": 1,
  "fr_1": 0.576666666667,
  "res_1": 0.75,
  "iv_1": 0.000560015253462,
  "pr_1": 0.02,
  "ir_1": 1.12003050692e-05,
  "gridcode_2": 1,
  "ip_vbp_12": 0.00129483295598,
  "fr_fisica1": 0.6,
  "fr_social1": 0.33,
  "fr_ecosis1": 1,
  "fr_12": 0.643333333333,
  "res_12": 0.75,
  "iv_12": 0.00062475690126,
  "pr_12": 0.06,
  "ir_12": 3.74854140756e-05,
  "gridcode_3": 0,
  "ip_vbp_12_": 0.0,
  "fr_fisic_1": 0.0,
  "fr_socia_1": 0.0,
  "fr_ecosi_1": 0,
  "fr_12_13": 0.0,
  "res_12_13": 0.0,
  "iv_12_13": 0.0,
  "pr_12_13": 0.0,
  "ir_12_13": 0.0,
  "gridcode_4": 1,
  "ip_vbp_121": 0.00129483295598,
  "fr_fisic_2": 1,
  "fr_socia_2": 0.33,
  "fr_ecosi_2": 1,
  "fr_12_13_1": 0.776666666667,
  "res_12_13_": 0.75,
  "iv_12_13_1": 0.000754240196859,
  "pr_12_13_1": 0.57,
  "ir_12_13_1": 0.00042991691221,
  "ir_total": 0.000483555367411,
  "iv_total": 0.00243428595724
}