{
  "fid": 1,
  "OBJECTID": 1,
  "No": 148,
  "ID_proyect": "DAM_086001",
  "Cuenca": "PILCOMAYO",
  "Rio_pres": 86010001.0,
  "Nombre_de_": "Pilcomayo",
  "Tipo": "DAM",
  "Id_Tramo_P": 860100010684.0,
  "Longitud_P": -64.1326695949,
  "Latitud_Pr": -20.9237192903,
  "Z_Presa": 603,
  "Caudal_m3_": 195.703976416,
  "H_Presa_m": 92,
  "Caida_brut": 92,
  "Potencia_M": 156.857980115,
  "Emb_Area": 21.13577753,
  "Embalse_Vo": 606.80797569,
  "FP_Final": 0.68,
  "Energia_Fi": 938.2,
  "Costo_Tota": 384.15,
  "Costo_Espe": 2449
}