{
  "id": 0.0,
  "superf": 21411.2555,
  "shape_length": 66593.1684905634,
  "shape_area": 214112554.984089
}