{
  "id": "lusu2015.5741",
  "objectid": 6297,
  "uspa_fina": "3AD",
  "codusu": "CH1",
  "disuspa": 17,
  "distrito": 17,
  "sup": 1876.207,
  "layer_": null,
  "shape_leng": 620.357675319,
  "shape_area": 1876.20538533
}