{
  "objectid": 1,
  "shape_leng": 127.113644765,
  "shape_area": 685.072799998
}
