{
  "ObjID": 24,
  "BasinID": 1,
  "Name": "C8684999",
  "Area_KM2": 50.4736555842,
  "PourPtLon": -66.264583,
  "PourPtLat": -20.429583,
  "MinElev": 3720,
  "MaxElev": 5150,
  "AvgElev": 4286,
  "Shape_Leng": 0.424238717494,
  "Nombre": "Qda. Thola",
  "OBJECTID_2": 1,
  "ObjID_1": 24,
  "BasinID_1": 1,
  "Name_1": "C8684999",
  "Area_KM2_1": 50.338,
  "PourPtLo_1": -66.264583,
  "PourPtLa_1": -20.429583,
  "MinElev_1": 3720,
  "MaxElev_1": 5150,
  "AvgElev_1": 4286,
  "ID": "C8684999",
  "September": 12.573235,
  "October": 14.515777,
  "November": 15.371837,
  "December": 14.781271,
  "January": 13.51269,
  "February": 13.768197,
  "March": 14.187338,
  "April": 10.13284,
  "May": 8.999066,
  "June": 7.319919,
  "July": 7.949776,
  "August": 10.500793,
  "Anual": 11.967728
}