{
  "OBJECTID": 3,
  "AREA": 42523331.7313,
  "PERIMETER": 32821.9916891,
  "Shape_Leng": 32821.9929568,
  "Shape_Area": 42523333.8082,
  "Tipo": "T.S.I.",
  "NAM": "CURICHE"
}
