{
  "gml_id": "mancha_urbana_1992wgs84.1",
  "objectid": 1,
  "id": 0,
  "superficie": 4974.99514618,
  "shape_leng": 471919.706107,
  "shape_area": 49749951.4618
}
