{
  "Nombre": "Villamontes",
  "Shape_Leng": 10016.8915239,
  "Shape_Area": 3837847.85282
}
