{
  "ID": 0,
  "NOMBRE": "Áreas de Expansión Urbana",
  "SUP_KM2": 15.9584566518,
  "SUP_Ha": 1595.84566518
}
