{
  "Classes": 0.0,
  "Value_Min": 0.0,
  "Value_Max": 0.0462409227658,
  "Shape_Leng": 97.7841667932,
  "Shape_Area": 57.8872367218
}