{
  "VEGET": "Bosque",
  "SUP_KM2": 0.000199958547957,
  "SUP_M2": 199.958547957
}