{
  "Name": "C8684999",
  "Area_KM2": 50.4736555842,
  "PourPtLon": -66.264583,
  "PourPtLat": -20.429583,
  "MinElev": 3720,
  "MaxElev": 5150,
  "AvgElev": 4286,
  "Shape_Leng": 0.424238717494,
  "Nombre": "Qda. Thola",
  "ID": "C8684999",
  "September": 3.262297,
  "October": 5.556753,
  "November": 6.997005,
  "December": 7.613172,
  "January": 7.43305,
  "February": 6.919387,
  "March": 6.875162,
  "April": 4.729331,
  "May": 1.737929,
  "June": -0.553106,
  "July": -0.544771,
  "August": 1.220991,
  "Anual": 4.2706
}