{
  "OBJECTID": 1,
  "AREA": 0.0191131,
  "PERIMETER": 0.692166,
  "G_BLO_YPFB": 52,
  "G_BLO_YP_1": 428,
  "NOMBRE": "CAPIGUAZUTI",
  "COMPANIA": "YPFB",
  "ESTADO": "YPF",
  "Shape_Leng": 0.69216567799,
  "Shape_Le_1": 74998.3194206,
  "Shape_Area": 219988340.299
}
