{
  "Estaciones": "Collana",
  "xutm": 576503.72371,
  "yutm": 8131337.25943,
  "Enero": 3.747613,
  "Febrero": 3.503705,
  "Marzo": 3.177923,
  "Abril": 3.488912,
  "Mayo": 4.501591,
  "Junio": 5.031345,
  "Julio": 5.910971,
  "Agosto": 5.626602,
  "Septiembre": 6.173189,
  "Octubre": 5.166667,
  "Noviembre": 4.939009,
  "Diciembre": 4.419178,
  "Anual": 4.640559
}