{
  "Name": "C8684999",
  "Area_KM2": 50.4736555842,
  "PourPtLon": -66.264583,
  "PourPtLat": -20.429583,
  "MinElev": 3720,
  "MaxElev": 5150,
  "AvgElev": 4286,
  "Nombre": "Qda. Thola",
  "Id": "C8684999",
  "September": 0.48543,
  "October": 0.509551,
  "November": 0.903913,
  "December": 2.804503,
  "January": 9.102811,
  "February": 10.703956,
  "March": 5.200406,
  "April": 1.307801,
  "May": 0.573225,
  "June": 0.478682,
  "July": 0.465769,
  "August": 0.464061,
  "Anual": 33.000108
}