{
  "id": "riesgo_riesgos2025.1",
  "Id": 1,
  "gridcode": 1,
  "Sup_km2": 0.00710294355,
  "Shape_Leng": 409.002406623,
  "Shape_Area": 7102.94354724
}