{
  "COD10DIG": 1010101001,
  "PTOTAL": 193876,
  "INGLES": 209,
  "PORTUGUES": 37,
  "ALEMAN": 22,
  "JAPONES": 0,
  "FRANCES": 21,
  "OTROEXTR": 8137,
  "EXTRTOT": 8426,
  "PINGLES": 0.1078,
  "PPORTUGUES": 0.01908,
  "PALEMAN": 0.01134,
  "PJAPONES": 0,
  "PFRANCES": 0.01083,
  "POTROEXT": 4.19701,
  "PEXTRTOT": 4.34606
}
