{
  "OBJECTID": 6.0,
  "Sup_Ha": 0.00959043264154,
  "Shape_Leng": 39.1765344494,
  "Shape_Area": 95.9045107041
}