{
  "OBJECTID": 1,
  "NIVEL_1": 4,
  "NIVEL_2": 46,
  "NIVEL_3": 466,
  "NIVEL_4": 4669,
  "NIVEL_5": 46694,
  "NOMBRE": "Cuenca del rio Azero",
  "NIVEL_5_UH": 46694,
  "AREA_KM2": 5663.47,
  "Shape_Leng": 4.86871623586,
  "Shape_Area": 0.489884568803
}
