{
  "departamen": 5,
  "municipio": "Potosi",
  "codigo_com": 5010104008,
  "comunidad": "CONCEPCION",
  "poblacion_": 99,
  "X": -65.709352801,
  "Y": -19.3787408644
}
