{
  "OBJECTID": 1,
  "ID": 1,
  "GRIDCODE": 2,
  "Shape_Leng": 1559.0662883018954,
  "Shape_Area": 99374.63993171448
}
