{
  "riesgo1": "Alto",
  "SUP_KM2": 464.014900554,
  "SUP_Ha": 46401.4900554
}