{
  "Slo1": 40.897789,
  "Len1": 116800.102587,
  "Sll": 15.239256,
  "Csl": 2.032532,
  "Wid1": 76.24118,
  "Dep1": 1.972468,
  "Lat": -19.28288,
  "Long_": -64.224657,
  "Elev": 2118.355722,
  "ElevMin": 1005,
  "ElevMax": 3477,
  "Bname": "Azero",
  "HydroID": 300001,
  "Nivel6": "466942",
  "Nombre": "Pescado"
}