{
  "OBJECTID": 1,
  "RADIACION": "4.8 - 5.1",
  "Shape_Leng": 148988.5623524944,
  "Shape_Area": 837942363.3104553
}
