{
  "Altura": "3224 - 3400 m.s.n.m.",
  "SUP_KM2": 18.0156018481,
  "SUP_HA": 1801.56018481
}