{
  "id": "hec-hms-mini.1",
  "name": "Subbasin-18",
  "long_len": 28879.613324119837,
  "long_slo": 0.031059972650355,
  "cent_len": 10061.5268651232,
  "cent_slo": 0.037071908170613,
  "10_85_len": 21659.709993089986,
  "10_85_slo": 0.023172777164464,
  "basin_slo": 0.147705835623211,
  "basin_rel": 904,
  "elong_ra": 0.544204610797705,
  "relief_ra": 0.031302358167136,
  "drain_den": 7.1341747702e-05,
  "len_units": "Metre"
}