{
  "Classes": 0.0,
  "Value_Min": 0.0,
  "Value_Max": 0.14164235573,
  "Shape_Leng": 5.20534399296,
  "Shape_Area": 1.0554720135,
  "promedio": 0.0708211778648
}