{
  "objectid": 2,
  "fid_": 0,
  "entity": "Polyline",
  "color": 59,
  "elevation": 0,
  "area": 0,
  "superficie": 149.189806976,
  "shape_leng": 8085.171779,
  "shape_area": 1491898.06976
}
