{
  "fid": 1,
  "OBJECTID": 1,
  "ID_proyect": "COMB_085001",
  "Longitud_P": -64.304529945,
  "Latitud_Pr": -22.134914498,
  "Longitud_1": -64.289036982,
  "Latitud_PH": -22.139305555,
  "No": 201,
  "Shape_Leng": 0.01610320727
}