{
  "OBJECTID": 1,
  "NIVEL_4": 4669,
  "nomb_cuenc": "Rio Grande o Guapay",
  "Sup_Km2": 78885.2742535,
  "Shape_Leng": 24.5198766322,
  "Shape_Area": 8.8822849792
}
