{
  "OBJECTID": 12.0,
  "Sup_Ha": 0.038379339624,
  "Shape_Leng": 78.3708382719,
  "Shape_Area": 383.793580922
}