{
  "OBJECTID": 1,
  "DESCRIPCIO": "ALTIPLANO: SERRANIAS CON MATORRALES Y PASTOS",
  "Shape_Leng": 465072.9985608179,
  "Shape_Area": 825976596.6657386
}
