{
  "OBJECTID": 1,
  "Shape_Leng": 3234.30886752141,
  "Shape_Area": 481782.280207291
}
