{
  "fid": 1,
  "OBJECTID": 1,
  "Codigo_ID": "DAM_086001",
  "Area_km2": 21.135778,
  "Area_m2": 21135777.53,
  "Volumen_m3": 606807975.69,
  "Volumen_Hm": 606.80797569,
  "No": 148,
  "Shape_Leng": 1.2709780609,
  "Shape_Area": 0.00182600757
}