{
  "OBJECTID": 1,
  "FID_nivel_": 640,
  "NIVEL_1": 0,
  "NIVEL_2": 1,
  "NIVEL_3": 15,
  "NIVEL_4": 158,
  "NIVEL_5": 1588,
  "SUP_KM2": 161.085527825,
  "Nombre_cue": "Rio Kusillo Jahuira",
  "Fuente": "INE",
  "Shape_Leng": 334069.118557723,
  "Shape_Area": 2114036278.04717
}
