{
  "Id": 1223.0,
  "SUP_HA": 8.13557741473,
  "Shape_Leng": 2682.38190766,
  "Shape_Area": 81355.7750931
}