{
  "Estaciones": "Carabuco",
  "xutm": 493126.412343,
  "yutm": 8258133.08045,
  "Enero": 121.83125,
  "Febrero": 120.528571,
  "Marzo": 120.464706,
  "Abril": 118.589474,
  "Mayo": 117.375,
  "Junio": 104.538095,
  "Julio": 116.014286,
  "Agosto": 134.718182,
  "Septiembre": 145.155,
  "Octubre": 160.03125,
  "Noviembre": 158.8,
  "Diciembre": 135.9125,
  "Anual": 1553.958314
}