{
  "id": "riesgo_bofedales.1",
  "objectid": 1,
  "gridcode": 1,
  "orig_fid": 1,
  "shape_leng": 367.804870892,
  "shape_area": 4310.47210314,
  "supper": 0.43104721031
}