{
  "gml_id": "mancha_urbana_2013wgs84.1",
  "objectid": 1,
  "fid_delimi": 0,
  "id": 0,
  "fid_deli_1": -1,
  "id_1": 0,
  "superficie": 9171.7197565,
  "shape_leng": 541906.760728,
  "shape_area": 91717197.565
}
