{
  "Riesgo": "Bajo",
  "SHAPE_area": 0.0139858522346,
  "SHAPE_len": 42.9312690961
}
