{
  "OBJECTID": 1.0,
  "Id": 0.0,
  "AREAM2": 1275571.688,
  "AREAKM2": 1.276,
  "AREAHA": 127.557,
  "Shape_Leng": 7565.45234509,
  "Shape_Area": 1275571.72813
}