{
  "objectid": 1,
  "shape_leng": 750.347661759,
  "shape_area": 14366.0687749
}
