{
  "ET": 400,
  "ID_C": 1,
  "Hectares": 6993814.40277,
  "Shape_Leng": 22.567123185,
  "Shape_Area": 6.01472987819
}
