{
  "gid": 1,
  "__gid": 1,
  "z_censal": 31,
  "area_m2": 904006.642329,
  "area_km2": 0.904006642329,
  "area_ha": 90.4006642329,
  "d_ha": 30,
  "c_dist_mun": 2
}
