{
  "id": 1,
  "gridcode": 255,
  "grado": "Muy Alto",
  "shape_length": 444.180290018176,
  "shape_area": 6786.37967837052
}