{
  "OBJECTID": 1,
  "CODVEG": null,
  "TIPOS_VEG": "Cuerpos de agua",
  "ID_C": 1,
  "Sup_Km2": 20.7649149989,
  "Shape_Leng": 48112.0097728419,
  "Shape_Area": 20764915.034297
}
