{
  "OBJECTID": 1,
  "CODIGO": "010101",
  "NOM_DEP_1": "Chuquisaca",
  "NOM_PROV_1": "Oropeza",
  "NOM_MUN_1": "Sucre",
  "P1": 1.55952380953,
  "P2": 1.69047619048,
  "P3": 1.83333333333,
  "PORC1": 31.1904761905,
  "PORC2": 33.8095238095,
  "PORC3": 20,
  "PPOND1": 10.6047619048,
  "PPOND2": 11.1571428571,
  "PPOND3": 6.6,
  "TOTAL": 28.3619047619,
  "VALOR": "20-30",
  "VALORACION": "sistema  de vida en condiciones minimas aceptables",
  "Shape_Leng": 2.81379092462,
  "Shape_Area": 0.156012241141
}