{
  "ID": 0,
  "ZAE": "E1",
  "des": "Protección con uso ganadero extensivo limitado",
  "Shape_Leng": 51535.2599017,
  "Shape_Area": 33522745.8243,
  "SUP_KM2": 33.5227458243,
  "SUP_HA": 3352.27458243
}
