{
  "OBJECTID": 1,
  "DETALLE": "SAN MATIAS",
  "Shape_Leng": 9.16543922754,
  "Shape_Area": 0.34955011211
}
