{
  "OBJECTID": 1,
  "ID": 16,
  "GRIDCODE": 5,
  "Preci_mm": "1.370,1 - 1.621",
  "Shape_Leng": 216545.6402771286,
  "Shape_Area": 731856281.9925555
}
