{
  "objectid_1": 1,
  "objectid": 1,
  "buff_dist": 500,
  "shape_leng": 3304.70469727,
  "shape_area": 868637.442129
}
