{
  "objectid": 1,
  "nombre": "Muela del Diablo",
  "ares_km": 1.26,
  "shape_leng": 5494.23941244,
  "shape_area": 1258919.88614
}
