{
  "id_municip": 1125,
  "area_km2": 849.943,
  "nombre": "Choque Cota",
  "codigo": 40302,
  "codigo_par": 2,
  "nombre_pro": "Carangas",
  "codigo_pro": 403,
  "nombre_dep": "Oruro",
  "codigo_dep": 4,
  "codigo_ine": 40302,
  "id_referen": 4,
  "id_departa": 4,
  "id_provinc": 54,
  "seccion": "Segunda",
  "extent": "-68.1458166680067,-18.3049846614539,-67.7233275298604,-18.0063664668523",
  "id_pais": 1
}
