{
  "GRIDCODE": 1,
  "Intervalo": "˃ 201 tn/ha/año",
  "Categoria": "Muy grave",
  "Code": 0.005,
  "SUP_KM2": 18.3891286346,
  "SUP_HA": 1838.91286346
}