{
  "Riesgo": 0,
  "Riesgo_tex": null,
  "SHAPE_area": 2.40704700825,
  "SHAPE_len": 10.8362806021
}
