{
  "id": "ROCHA_Cuerpos_de_agua.1",
  "objectid": 1,
  "nombre": null,
  "areaha": 6.52881430629,
  "shape_leng": 0.0157317395519,
  "shape_area": 5.55717201435e-06
}