{
  "id": "riesgo_vulnerabilidad2025.1",
  "Id": 1,
  "gridcode": 2,
  "Sup_km2": 0.0005955281,
  "Shape_Leng": 95.6821002378,
  "Shape_Area": 595.528103179
}