{
  "objectid": 1,
  "id": 0,
  "shape_leng": 155.31747465,
  "shape_le_1": 155.31747465
}
