{
  "AREA": 13597100000,
  "PERIMETER": 1050770,
  "INU5_": 2,
  "INU5_ID": 1,
  "ID": 0,
  "SHAPE_Leng": 11.1603110051,
  "SHAPE_Area": 0.615861099978
}
