{
  "Classes": 1.0,
  "Value_Min": 0.187549510072,
  "Value_Max": 0.565065523704,
  "Shape_Leng": 3.56757965341,
  "Shape_Area": 0.482469812982,
  "promedio": 0.470082271924
}