{
  "OBJECTID": 0,
  "Area_Km2": 81.0376437754,
  "ID_PFASF": 15659,
  "NIVEL": 6,
  "Area_Ha": 7275.75730905
}
