{
  "objectid": 2,
  "fid_": 0,
  "entity": "Polyline",
  "color": 51,
  "doctype": "DWG",
  "superficie": 2357.44300057,
  "shape_leng": 1304.17907604,
  "shape_area": 91008.8244382
}
