{
  "OBJECTID": 1,
  "NOM_DEP": "Beni",
  "DEPARTAMEN": "BENI",
  "SUP_HA": 20457119.7962,
  "SHAPE_Leng": 29.8587330937,
  "SHAPE_Area": 17.0378967396
}