{
  "objectid": 1,
  "id": 0,
  "shape_leng": 69.1282597665,
  "shape_area": 165.263200003
}
