{
  "id": "lusu2015.110280",
  "objectid": 125845,
  "uspa_fina": "2",
  "codusu": "CH1",
  "disuspa": 5,
  "distrito": 5,
  "sup": 138.299,
  "layer_": null,
  "shape_leng": 57.5389237722,
  "shape_area": 138.293243398
}