{
  "id": "ROCHA_RInundacionUrbano.1",
  "fid_tr100_": 1,
  "tr100_clip": 4,
  "tr100_cl_1": 1,
  "tr100_cl_2": 163,
  "tr100_cl_3": "COCHABAMBA",
  "tr100_cl_4": "GERMAN JORDAN",
  "tr100_cl_5": "CLIZA",
  "tr100_cl_6": "UCUREñA",
  "tr100_cl_7": 0,
  "tr100_cl_8": 0,
  "tr100_cl_9": "CP MAYOR",
  "tr100_c_10": 503.600098449,
  "tr100_c_11": 9776.25417459,
  "tr100_c_12": 9865.81906855,
  "tr100_c_13": 10.0,
  "tr100_c_14": 10.0,
  "tr100_c_15": 10.0,
  "tr100_c_16": 10.0,
  "tr100_c_17": 0,
  "tr100_c_18": 84979,
  "tr100_c_19": 1,
  "tr100_c_20": 1330.71270415,
  "tr100_c_21": 0.13611682761,
  "tr100_c_22": 0.66,
  "tr100_c_23": 0,
  "tr100_c_24": 0.2,
  "tr100_c_25": 0.286666666667,
  "tr100_c_26": 0.5,
  "tr100_c_27": 0.0195100786241,
  "tr100_c_28": 0.01,
  "tr100_c_29": 0.000195100786241,
  "nbi_areaur": 162,
  "nbi_area_1": 163,
  "nbi_area_2": 269376,
  "nbi_area_3": "00526103464",
  "nbi_area_4": "Tiquipaya",
  "nbi_area_5": 100,
  "nbi_area_6": 68.18,
  "nbi_area_7": 31.82,
  "nbi_area_8": 68.18,
  "nbi_area_9": 31.82,
  "nbi_are_10": 0.0,
  "nbi_are_11": 100.0,
  "nbi_are_12": 13.64,
  "nbi_are_13": 86.36,
  "nbi_are_14": 100.0,
  "nbi_are_15": 0.0,
  "nbi_are_16": 0.0,
  "nbi_are_17": 100.0,
  "nbi_are_18": 100.0,
  "nbi_are_19": 0.0,
  "nbi_are_20": 100.0,
  "nbi_are_21": 0.0,
  "nbi_are_22": 100.0,
  "nbi_are_23": 0.0,
  "nbi_are_24": 54.55,
  "nbi_are_25": 45.45,
  "nbi_are_26": 36.36,
  "nbi_are_27": 1.95,
  "nbi_are_28": 4.55,
  "nbi_are_29": 100.0,
  "nbi_are_30": 0.0,
  "nbi_are_31": 526103464.0,
  "nbi_are_32": "COCHABAMBA",
  "nbi_are_33": "QUILLACOLLO",
  "nbi_are_34": "TIQUIPAYA",
  "nbi_are_35": "TIQUIPAYA",
  "nbi_are_36": 22,
  "nbi_are_37": 4,
  "nbi_are_38": 5,
  "nbi_are_39": 526103464.0,
  "nbi_are_40": "urban",
  "nbi_are_41": 996.812358083,
  "nbi_are_42": 40426.2760178,
  "nbi_are_43": 0.0404262760178,
  "nbi_are_44": 544.200509349,
  "nbi_are_45": 0.66,
  "nbi_are_46": 0.5,
  "nbi_are_47": 0,
  "fid_tr25_c": -1,
  "tr25_clip_": 0,
  "tr25_clip1": 0,
  "tr25_cli_1": 0,
  "tr25_cli_2": null,
  "tr25_cli_3": null,
  "tr25_cli_4": null,
  "tr25_cli_5": null,
  "tr25_cli_6": 0,
  "tr25_cli_7": 0,
  "tr25_cli_8": null,
  "tr25_cli_9": 0.0,
  "tr25_cl_10": 0.0,
  "tr25_cl_11": 0.0,
  "tr25_cl_12": 0.0,
  "tr25_cl_13": 0.0,
  "tr25_cl_14": 0.0,
  "tr25_cl_15": 0.0,
  "tr25_cl_16": 0,
  "tr25_cl_17": 0,
  "tr25_cl_18": 0,
  "tr25_cl_19": 0.0,
  "tr25_cl_20": 0.0,
  "tr25_cl_21": 0.0,
  "tr25_cl_22": 0,
  "tr25_cl_23": 0.0,
  "tr25_cl_24": 0.0,
  "tr25_cl_25": 0.0,
  "tr25_cl_26": 0.0,
  "tr25_cl_27": 0.0,
  "tr25_cl_28": 0.0,
  "nbi_are_48": 0,
  "nbi_are_49": 0,
  "nbi_are_50": 0,
  "nbi_are_51": null,
  "nbi_are_52": null,
  "nbi_are_53": 0,
  "nbi_are_54": 0.0,
  "nbi_are_55": 0.0,
  "nbi_are_56": 0.0,
  "nbi_are_57": 0.0,
  "nbi_are_58": 0.0,
  "nbi_are_59": 0.0,
  "nbi_are_60": 0.0,
  "nbi_are_61": 0.0,
  "nbi_are_62": 0.0,
  "nbi_are_63": 0.0,
  "nbi_are_64": 0.0,
  "nbi_are_65": 0.0,
  "nbi_are_66": 0.0,
  "nbi_are_67": 0.0,
  "nbi_are_68": 0.0,
  "nbi_are_69": 0.0,
  "nbi_are_70": 0.0,
  "nbi_are_71": 0.0,
  "nbi_are_72": 0.0,
  "nbi_are_73": 0.0,
  "nbi_are_74": 0.0,
  "nbi_are_75": 0.0,
  "nbi_are_76": 0.0,
  "nbi_are_77": 0.0,
  "nbi_are_78": 0.0,
  "nbi_are_79": 0.0,
  "nbi_are_80": null,
  "nbi_are_81": null,
  "nbi_are_82": null,
  "nbi_are_83": null,
  "nbi_are_84": 0,
  "nbi_are_85": 0,
  "nbi_are_86": 0,
  "nbi_are_87": 0.0,
  "nbi_are_88": null,
  "nbi_are_89": 0.0,
  "nbi_are_90": 0.0,
  "nbi_are_91": 0.0,
  "nbi_are_92": 0.0,
  "nbi_are_93": 0.0,
  "nbi_are_94": 0.0,
  "nbi_are_95": 0,
  "fid_tr10_c": -1,
  "tr10_clip_": 0,
  "tr10_clip1": 0,
  "tr10_cli_1": 0,
  "tr10_cli_2": null,
  "tr10_cli_3": null,
  "tr10_cli_4": null,
  "tr10_cli_5": null,
  "tr10_cli_6": 0,
  "tr10_cli_7": 0,
  "tr10_cli_8": null,
  "tr10_cli_9": 0.0,
  "tr10_cl_10": 0.0,
  "tr10_cl_11": 0.0,
  "tr10_cl_12": 0.0,
  "tr10_cl_13": 0.0,
  "tr10_cl_14": 0.0,
  "tr10_cl_15": 0.0,
  "tr10_cl_16": 0,
  "tr10_cl_17": 0,
  "tr10_cl_18": 0,
  "tr10_cl_19": 0.0,
  "tr10_cl_20": 0.0,
  "tr10_cl_21": 0.0,
  "tr10_cl_22": 0,
  "tr10_cl_23": 0.0,
  "tr10_cl_24": 0.0,
  "tr10_cl_25": 0.0,
  "tr10_cl_26": 0.0,
  "tr10_cl_27": 0.0,
  "tr10_cl_28": 0.0,
  "nbi_are_96": 0,
  "nbi_are_97": 0,
  "nbi_are_98": 0,
  "nbi_are_99": null,
  "nbi_ar_100": null,
  "nbi_ar_101": 0,
  "nbi_ar_102": 0.0,
  "nbi_ar_103": 0.0,
  "nbi_ar_104": 0.0,
  "nbi_ar_105": 0.0,
  "nbi_ar_106": 0.0,
  "nbi_ar_107": 0.0,
  "nbi_ar_108": 0.0,
  "nbi_ar_109": 0.0,
  "nbi_ar_110": 0.0,
  "nbi_ar_111": 0.0,
  "nbi_ar_112": 0.0,
  "nbi_ar_113": 0.0,
  "nbi_ar_114": 0.0,
  "nbi_ar_115": 0.0,
  "nbi_ar_116": 0.0,
  "nbi_ar_117": 0.0,
  "nbi_ar_118": 0.0,
  "nbi_ar_119": 0.0,
  "nbi_ar_120": 0.0,
  "nbi_ar_121": 0.0,
  "nbi_ar_122": 0.0,
  "nbi_ar_123": 0.0,
  "nbi_ar_124": 0.0,
  "nbi_ar_125": 0.0,
  "nbi_ar_126": 0.0,
  "nbi_ar_127": 0.0,
  "nbi_ar_128": null,
  "nbi_ar_129": null,
  "nbi_ar_130": null,
  "nbi_ar_131": null,
  "nbi_ar_132": 0,
  "nbi_ar_133": 0,
  "nbi_ar_134": 0,
  "nbi_ar_135": 0.0,
  "nbi_ar_136": null,
  "nbi_ar_137": 0.0,
  "nbi_ar_138": 0.0,
  "nbi_ar_139": 0.0,
  "nbi_ar_140": 0.0,
  "nbi_ar_141": 0.0,
  "nbi_ar_142": 0.0,
  "nbi_ar_143": 0,
  "fid_tr2_cl": -1,
  "join_count": 0,
  "target_fid": 0,
  "objectid": 0,
  "dep": null,
  "prov": null,
  "mun": null,
  "nom_ciu": null,
  "num_pob": 0,
  "num_viv": 0,
  "tipo_de_ci": null,
  "shape_leng": 0.0,
  "area_new": 0.0,
  "fs_w_ss": 0.0,
  "fs_w_s": 0.0,
  "fs_sw_s": 0.0,
  "fs_sw_ss": 0.0,
  "susceptibi": 0,
  "fr_social": 0.0,
  "res": 0.0,
  "fr_ecosis": 0,
  "ip_area": 0.0,
  "area_new_1": 0.0,
  "fr_fisica": 0,
  "fragilidad": 0.0,
  "pr": 0.0,
  "iv": 0.0,
  "nbi_ar_144": 0,
  "nbi_ar_145": 0,
  "nbi_ar_146": 0,
  "nbi_ar_147": null,
  "nbi_ar_148": null,
  "nbi_ar_149": 0,
  "nbi_ar_150": 0.0,
  "nbi_ar_151": 0.0,
  "nbi_ar_152": 0.0,
  "nbi_ar_153": 0.0,
  "nbi_ar_154": 0.0,
  "nbi_ar_155": 0.0,
  "nbi_ar_156": 0.0,
  "nbi_ar_157": 0.0,
  "nbi_ar_158": 0.0,
  "nbi_ar_159": 0.0,
  "nbi_ar_160": 0.0,
  "nbi_ar_161": 0.0,
  "nbi_ar_162": 0.0,
  "nbi_ar_163": 0.0,
  "nbi_ar_164": 0.0,
  "nbi_ar_165": 0.0,
  "nbi_ar_166": 0.0,
  "nbi_ar_167": 0.0,
  "nbi_ar_168": 0.0,
  "nbi_ar_169": 0.0,
  "nbi_ar_170": 0.0,
  "nbi_ar_171": 0.0,
  "nbi_ar_172": 0.0,
  "nbi_ar_173": 0.0,
  "nbi_ar_174": 0.0,
  "nbi_ar_175": 0.0,
  "nbi_ar_176": null,
  "nbi_ar_177": null,
  "nbi_ar_178": null,
  "nbi_ar_179": null,
  "nbi_ar_180": 0,
  "nbi_ar_181": 0,
  "nbi_ar_182": 0,
  "nbi_ar_183": 0.0,
  "nbi_ar_184": null,
  "nbi_ar_185": 0.0,
  "nbi_ar_186": 0.0,
  "nbi_ar_187": 0.0,
  "nbi_ar_188": 0.0,
  "nbi_ar_189": 0.0,
  "nbi_ar_190": 0.0,
  "nbi_ar_191": 0,
  "ir": 0.0,
  "fid_tr50_a": -1,
  "tr50_area_": 0,
  "tr50_area1": 0,
  "tr50_are_1": 0,
  "tr50_are_2": null,
  "tr50_are_3": null,
  "tr50_are_4": null,
  "tr50_are_5": null,
  "tr50_are_6": 0,
  "tr50_are_7": 0,
  "tr50_are_8": null,
  "tr50_are_9": 0.0,
  "tr50_ar_10": 0.0,
  "tr50_ar_11": 0.0,
  "tr50_ar_12": 0.0,
  "tr50_ar_13": 0.0,
  "tr50_ar_14": 0.0,
  "tr50_ar_15": 0.0,
  "tr50_ar_16": 0,
  "tr50_ar_17": 0,
  "tr50_ar_18": 0,
  "tr50_ar_19": 0.0,
  "tr50_ar_20": 0.0,
  "tr50_ar_21": 0.0,
  "tr50_ar_22": 0,
  "tr50_ar_23": 0.0,
  "tr50_ar_24": 0.0,
  "tr50_ar_25": 0.0,
  "tr50_ar_26": 0.0,
  "tr50_ar_27": 0.0,
  "tr50_ar_28": 0.0,
  "nbi_ar_192": 0,
  "nbi_ar_193": 0,
  "nbi_ar_194": 0,
  "nbi_ar_195": null,
  "nbi_ar_196": null,
  "nbi_ar_197": 0,
  "nbi_ar_198": 0.0,
  "nbi_ar_199": 0.0,
  "nbi_ar_200": 0.0,
  "nbi_ar_201": 0.0,
  "nbi_ar_202": 0.0,
  "nbi_ar_203": 0.0,
  "nbi_ar_204": 0.0,
  "nbi_ar_205": 0.0,
  "nbi_ar_206": 0.0,
  "nbi_ar_207": 0.0,
  "nbi_ar_208": 0.0,
  "nbi_ar_209": 0.0,
  "nbi_ar_210": 0.0,
  "nbi_ar_211": 0.0,
  "nbi_ar_212": 0.0,
  "nbi_ar_213": 0.0,
  "nbi_ar_214": 0.0,
  "nbi_ar_215": 0.0,
  "nbi_ar_216": 0.0,
  "nbi_ar_217": 0.0,
  "nbi_ar_218": 0.0,
  "nbi_ar_219": 0.0,
  "nbi_ar_220": 0.0,
  "nbi_ar_221": 0.0,