{
  "gid": 1,
  "__gid": 1,
  "area_ha": 4.58644266812,
  "cob_fam": 28.6563115784
}
