{
  "gml_id": "UH_Nivel_2.10",
  "Nivel_2": 85,
  "Nivel_1": 8,
  "Sup_Km2": 10732.7414497,
  "Shape_Leng": 710864.615877,
  "Shape_Area": 11929568494.2
}
