{
  "CODIGO": null,
  "NOMBRE": null,
  "ID_C": 1,
  "Shape_Leng": 0.174150217973,
  "Shape_Area": 0.000714934268014,
  "Hectares": 866.374967602
}
