{
  "GRIDCODE": 1,
  "Altitud": "<3,500 m",
  "SUP_KM2": 360.486419562,
  "SUP_HA": 36048.6419562
}