{
  "riesgo1": "Alto",
  "SUP_KM2": 25.5374155895,
  "SUP_Ha": 2553.74155895
}