{
  "Classes": 1.0,
  "Value_Min": 0.0072604314893,
  "Value_Max": 0.0218748613113,
  "Shape_Leng": 57.6184706328,
  "Shape_Area": 25.4059959454,
  "Promedio": 0.0181978621449
}