{
  "id": "amenza_inundacion_fluvial.1",
  "tr": 2,
  "tr_12_13_1": 0,
  "tr_1": 0,
  "tr_12": 0,
  "tr_12_13": 0,
  "TR_fin": 2,
  "gridcode": 5,
  "Shape_Leng": 3.97406592287,
  "Shape_Le_1": 3.97406592287,
  "Shape_Area": 0.8880776349,
  "grado": "Muy alto"
}