{
  "OBJECTID": 3654,
  "ID_USGS": 1,
  "Shape_Leng": 2.1312323853,
  "Shape_Area": 0.13344630519,
  "Hectares": 156007.242647
}
