{
  "Id": 1.0,
  "Area_Km2": 0.0474385856528,
  "Area_m2": 47438.5856528
}