{
  "OBJECTID": 1,
  "AREA": 87109463.37,
  "PERIMETER": 158004.403,
  "EROSION_": 2,
  "EROSION_ID": 2,
  "ECODIGO": "JI00000100",
  "LLAVE_MD": "P1",
  "CODIGO": "A4.1/3EA",
  "VALOR": 3,
  "DESCRIPCIO": "Llanura de piedemonte, con erosión moderada",
  "Shape_Leng": 1.44341406673,
  "Shape_Le_1": 1.44341406662,
  "Shape_Area": 0.0409653154875
}
