{
  "Id": 1356.0,
  "SUP_HA": 3.91211678364,
  "Shape_Leng": 1116.58620408,
  "Shape_Area": 39121.167842
}