{
  "id": "ROCHA_RInundacion_ZHRP.1",
  "fid_zonas_": 601,
  "departamen": "Cochabamba",
  "provincia": "German Jordan",
  "municipio": "Toko",
  "cod_munici": "030802",
  "comunidad": "PIQUEROS",
  "cod_comuni": "03080201011",
  "poblacion": 60,
  "vbp_pecuar": 29443.6705,
  "fid_tr100_": 111797,
  "gridcode": 1,
  "ip_vbp": 0.00091281803511,
  "fr_fisica": 0.2,
  "fr_social": 0.33,
  "fr_ecosis": 0.75,
  "if": 0.426666666667,
  "res": 0.75,
  "iv": 0.000292101771235,
  "pr": 0.01,
  "ir": 2.92101771235e-06,
  "gridcode_1": 1,
  "ip_vbp_1": 0.00091281803511,
  "fr_fisica_": 0.4,
  "fr_social_": 0.33,
  "fr_ecosis_": 0.75,
  "if_1": 0.493333333333,
  "res_1": 0.75,
  "iv_1": 0.00033774267299,
  "pr_1": 0.02,
  "ir_1": 6.7548534598e-06,
  "gridcode_2": 1,
  "ip_vbp_12": 0.00091281803511,
  "fr_fisica1": 0.6,
  "fr_social1": 0.33,
  "fr_ecosis1": 0.75,
  "if_12": 0.56,
  "res_12": 0.75,
  "iv_12": 0.000383383574746,
  "pr_12": 0.06,
  "ir_12": 2.30030144848e-05,
  "gridcode_3": 0,
  "ip_vbp_12_": 0.0,
  "fr_fisic_1": 0.0,
  "fr_socia_1": 0.0,
  "fr_ecosi_1": 0.0,
  "if_12_13": 0.0,
  "res_12_13": 0.0,
  "iv_12_13": 0.0,
  "pr_12_13": 0.0,
  "ir_12_13": 0.0,
  "gridcode_4": 1,
  "ip_vbp_121": 0.00091281803511,
  "fr_fisic_2": 1,
  "fr_socia_2": 0.33,
  "fr_ecosi_2": 0.75,
  "if_12_13_1": 0.693333333333,
  "res_12_13_": 0.75,
  "iv_12_13_1": 0.000474665378257,
  "pr_12_13_1": 0.329,
  "ir_12_13_1": 0.000156164909447,
  "ir_total": 0.000188843795104,
  "iv_total": 0.00148789339723
}