{
  "objectid": 1,
  "fid_": 0,
  "layer": "Concesiones - peticiones por cuadrcula",
  "area": 242.996891899,
  "shape_leng": 7888.40055816,
  "shape_area": 2429968.89923
}
