{
  "Name": "C8684999",
  "Area_KM2": 50.4736555842,
  "PourPtLon": -66.264583,
  "PourPtLat": -20.429583,
  "MinElev": 3720,
  "MaxElev": 5150,
  "AvgElev": 4286,
  "Nombre": "Qda. Thola",
  "ID": "C8684999",
  "September": 39.636573,
  "October": 46.088292,
  "November": 49.319972,
  "December": 50.113572,
  "January": 45.959588,
  "February": 60.280816,
  "March": 59.754859,
  "April": 49.544659,
  "May": 53.639259,
  "June": 46.502649,
  "July": 42.281926,
  "August": 44.540149,
  "Anual": 48.971859
}