{
  "CAUDAL": "_1",
  "OBJECTID": 1,
  "TYPENAME": "River",
  "NAME": "Cotagaita_River",
  "SEP": 0.971879,
  "OCT": 0.950032,
  "NOV": 1.340329,
  "DIC": 3.958509,
  "ENE": 17.260091,
  "FEB": 16.500295,
  "MAR": 7.222712,
  "ABR": 1.954636,
  "MAY": 1.039924,
  "JUN": 0.954058,
  "JUL": 0.908786,
  "AGO": 0.904242,
  "ANUAL": 4.497124,
  "EXTENSION": 163.831617,
  "MAXZ": 4677.0,
  "MINZ": 2547.067382,
  "RIO": "*",
  "Nombre": "Rio Cotagaita"
}