{
  "BasinID": 1,
  "Name": "C8684999",
  "Area_KM2": 50.338,
  "PourPtLon": -66.264583,
  "PourPtLat": -20.429583,
  "MinElev": 3720,
  "MaxElev": 5150,
  "AvgElev": 4286,
  "ID": "C8684999",
  "September": 0.947907,
  "October": 0.900863,
  "November": 0.80597,
  "December": 0.638085,
  "January": 0.403446,
  "February": 0.321203,
  "March": 0.462525,
  "April": 0.685943,
  "May": 0.868544,
  "June": 0.951495,
  "July": 0.974712,
  "August": 0.971437,
  "Anual": 0.744344
}