{
  "OBJECTID": 1,
  "Shape_Leng": 661789.3022297613,
  "Shape_Area": 7283761740.920833
}
