{
  "id": "Mapa de Pobreza.1",
  "gml_id": "pobreza.1",
  "COD10DIG": "1010101001",
  "PercNBS": 29.460251305,
  "PercUmbr": 27.4552788495,
  "PercPobMod": 23.6702292281,
  "PercPobExt": 19.4142406173,
  "total": 193868,
  "PopNBS": 57114,
  "PopUmbr": 53227,
  "PopMod": 45889,
  "PopInd": 25402,
  "PopMarg": 12236,
  "PPobr": 43.0844698454
}