{
  "OBJECTID": 1.0,
  "Classes": 0.0,
  "Value_Min": 0.0,
  "Value_Max": 2.80199991079,
  "promedio": 1.40099995539,
  "Shape_Leng": 18.026057759,
  "Shape_Area": 5.14574590965
}