{
  "OBJECTID": 358,
  "RIESGO1": "Baja. Por vulnerabilidad media y amenaza muy baja",
  "ORIG_FID": 4,
  "Shape_Leng": 15419.9951247,
  "Shape_Le_1": 11656.4468635,
  "Shape_Area": 1150194.81317
}
