{
  "OBJECTID": 1,
  "SUM_AREA_K": 22359,
  "AREA_KM": 21869,
  "SUBESPECIE": 1,
  "DISTRIBUCI": "DISTRIBUCION 1",
  "Shape_Leng": 10.7067270895,
  "Shape_Area": 1.86053472053
}
