{
  "COBERTURA": "Afloramiento rocoso",
  "SUP_KM2": 6.50556417847,
  "SUP_HA": 650.556417847
}