{
  "norte": 8171884.41642,
  "este": 590921.42265,
  "cod": "M1-1",
  "n": 1
}
