{
  "COD10DIG": 1010101001,
  "A_500000": 6.81338,
  "A_50000": 0,
  "A_1000": 0,
  "A_CAMINO": 0.02969,
  "URBANORURA": "periurbano"
}
