{
  "id": "drenaje_cuencas.1",
  "OBJECTID_1": 1,
  "NOMBRE": "Cuenca Huayñajahuira",
  "Area_ha": 1923.94997805,
  "area_km": 19.2394997805,
  "cuencas_pr": "Cuenca Huayñajahuira",
  "perimetro_": 26067.4533818,
  "perimetro1": 26.0674533818,
  "Shape_Area": 19239499.7855
}